"name","id","start_date","distance","time_minutes","total_elevation_gain","average_heartrate","max_heartrate","average_cadence","average_speed","suffer_score"
"Long Run + build",8945183319,"2023-04-23T17:40:17Z",23.0664,92.0666666666667,156.2,154.2,168,89.4,15.2244,149
"Friday Cruise",8930672678,"2023-04-21T13:32:51Z",10.0593,45.05,31.9,148.9,156,88.1,14.004,58
"Solo Tempo",8925481489,"2023-04-20T14:24:45Z",17.2226,72.0666666666667,50.4,158.2,176,91.4,15.156,129
"Wednesday fun run ",8921325523,"2023-04-19T12:45:02Z",12.0372,61,44.5,143.2,161,87.3,13.1364,47
"3x1200+3x800",8912795829,"2023-04-18T13:02:16Z",12.3166,69.0166666666667,33.8,152.2,176,89.5,13.8996,71
"Long run",8901771002,"2023-04-16T13:04:06Z",22.1057,95.55,172.2,147.3,181,89.6,14.0616,109
"Campus loop",8889221173,"2023-04-14T13:02:52Z",10.0802,46.2,39,144,175,88,13.5144,40
"4x4x400 ",8884077368,"2023-04-13T13:47:29Z",16.6934,89.6333333333333,32.4,150.2,178,90,13.14,96
"Morning Run ",8877932289,"2023-04-12T12:46:14Z",13.7672,73.4333333333333,41.9,135.3,172,87.5,12.7548,32
"3mile/3km/1 mile",8871975186,"2023-04-11T13:02:55Z",17.5106,84.4833333333333,56.5,154.5,175,91.4,14.1948,108
"Short Long Run ",8860872160,"2023-04-09T13:34:24Z",20.103,87.0666666666667,146,145,170,87.2,13.9824,86
"Morning Run",8848096429,"2023-04-07T13:02:56Z",10.0769,52.1,41.5,144.9,177,88.3,13.5468,42
"8x1k",8843193429,"2023-04-06T14:45:41Z",16.4759,86.2,34,155.3,188,89.9,14.076,113
"Easy cruise",8836853679,"2023-04-05T12:46:38Z",12.3747,58.0166666666667,39.6,142,175,87.8,13.2516,41
"8k tempo ",8830914184,"2023-04-04T12:59:36Z",16.0171,78.0833333333333,53.4,152.6,173,90.2,14.5008,95
"Sunday Long Run ",8820100444,"2023-04-02T13:33:19Z",21.0336,95.9666666666667,85.6,145,172,86.5,13.7268,94
"Morning Run ",8808187446,"2023-03-31T13:04:12Z",10.7366,53.55,40.3,145,156,86.3,13.464,49
"4x2k + 3x200",8803114096,"2023-03-30T13:03:16Z",16.0295,81.9333333333333,30.8,154.1,179,87.8,13.3992,110
"8k Tempo",8791680391,"2023-03-28T13:03:06Z",15.7239,78.2,54.8,157.3,188,90,13.9284,116
"Morning Run ",8781559604,"2023-03-26T14:04:12Z",20.0425,96.4333333333333,71.6,140.6,168,87.3,13.3956,62
"Morning Run ",8775516602,"2023-03-25T12:50:10Z",15.727,114.4,40.8,143.3,171,89.1,13.7664,65
"Morning Run ",8769210122,"2023-03-24T13:02:42Z",8.0529,42.3,27.4,138.2,176,86.9,12.8556,20
"5x1k 3x400m",8764017014,"2023-03-23T13:02:50Z",13.4893,79.25,30.5,159.9,201,87,12.4452,119
"Tempo Run ",8752324638,"2023-03-21T13:02:10Z",13.4214,72.5833333333333,52.6,152.2,182,88.4,14.0184,83
"Birthday long run",8742195325,"2023-03-19T14:05:09Z",20.0465,93.2666666666667,68.9,141.7,167,89.1,13.3704,70
"Afternoon Run ",8731555749,"2023-03-17T21:01:24Z",10.0627,46.8333333333333,37.6,142.1,167,86.7,13.6944,39
"10x500 r 100m",8715298712,"2023-03-14T14:41:16Z",12.0968,52.7166666666667,28.4,155.9,175,91.5,15.0912,78
"Morning Run ",8715297493,"2023-03-14T14:30:35Z",1.0232,6.36666666666667,0,137,152,87.4,12.6144,3
"Sunday Long Run",8703043234,"2023-03-12T13:33:26Z",20.0339,94.65,82.7,145.3,181,90,13.4532,89
"Morning Run ",8691277147,"2023-03-10T14:01:51Z",11.1979,54.25,35.6,146.7,185,89.6,13.2552,57
"2x3mi -> 1x3mi + 1x1.5 mi",8686345920,"2023-03-09T14:01:28Z",16.0062,73.75,48.3,153.8,180,89.9,14.04,105
"2x(1600+800+400)",8675540984,"2023-03-07T14:01:13Z",12.768,66.2333333333333,33.1,145.4,172,89.1,13.158,56
"Morning Run",8653483171,"2023-03-03T14:02:33Z",16.0373,76.0833333333333,55.5,153.1,184,90,13.6512,109
"3x(4x400 r 200)",8647731557,"2023-03-02T14:01:57Z",13.4161,74.3333333333333,30.5,153.1,178,90.6,14.2776,85
"LRS",8626692977,"2023-02-26T14:47:16Z",18.0774,88.85,77.4,176.7,190,88.5,13.3452,54
"Jog ðŸƒâ€â™‚ï¸",8614855690,"2023-02-24T14:01:42Z",8.2517,38.15,13.2,170.6,194,88.4,13.0932,116
"Morning Run",8609652124,"2023-02-23T14:00:40Z",12.8901,69.9333333333333,30.6,159.1,192,90.5,12.9996,106
"3 2 1 tempo",8598761411,"2023-02-21T14:02:16Z",17.7177,82.1166666666667,54.6,154.4,174,90.8,14.4108,111
"Draper Long Run",8588400737,"2023-02-19T14:32:57Z",22.0115,98.4666666666667,222.3,145,165,87.7,13.6872,96
"Friday cruise ",8576350434,"2023-02-17T14:02:46Z",11.4324,54.0333333333333,38.5,143.2,157,88.5,13.3956,47
"4x1600m",8571267601,"2023-02-16T13:58:33Z",12.7371,67.5833333333333,28.5,151,184,90.4,13.4064,68
"7k tempo ",8560113276,"2023-02-14T14:01:57Z",16.4635,79.1166666666667,53,151.2,171,90.1,14.0364,89
"Long Run",8549885545,"2023-02-12T14:18:32Z",17.8276,97.0833333333333,36.2,137.6,163,86.1,12.654,41
"Easy Fridays",8539873137,"2023-02-10T14:28:39Z",10.7589,51.4333333333333,30.3,144.7,176,87.2,13.284,46
"2x3k tempo r 2'",8532607790,"2023-02-09T14:58:12Z",14.3608,68.2,44.2,154.6,188,89.6,14.0796,95
"6x3' on 1' off",8520977978,"2023-02-07T14:03:32Z",14.6217,67.1166666666667,51.3,148.7,172,88.7,13.9464,70
"Solo long run",8511104339,"2023-02-05T16:05:04Z",16.0552,71.1,59,150.2,176,86.7,13.6944,94
"TGIF",8498438175,"2023-02-03T13:44:10Z",10.0942,51.9833333333333,26.4,145.1,155,86.9,12.7404,48
"30 min + 6x300",8495438938,"2023-02-02T21:27:17Z",11.3102,48.9166666666667,23.3,158,179,87.3,14.22,92
"15 min tempo off the bike",8489421603,"2023-02-01T19:24:23Z",6.0223,24.5833333333333,0,165.1,177,90,14.6988,62
"Morning Run",8473145941,"2023-01-29T15:36:24Z",9.0298,41.75,33.4,156.9,169,87.6,13.0356,72
"Club run",8460378230,"2023-01-27T13:43:03Z",13.374,73.6166666666667,40.9,147.4,179,87.2,12.0852,74
"10x400",8455811486,"2023-01-26T15:45:52Z",15.0212,76.15,35.7,154.9,180,89.1,13.4064,110
"Afternoon Run",8452964354,"2023-01-25T23:55:21Z",6.6396,30.4833333333333,16.7,163.3,175,87.6,14.1696,14
"Sunday Run",8434398452,"2023-01-22T14:46:38Z",11.5772,60.6,41.7,124.3,146,86.6,11.9412,14
"Morning Run",8422785672,"2023-01-20T13:46:45Z",17.0392,89.8166666666667,56.4,140.1,188,87.4,12.7764,54
"Filling the time gap between classes.",8419556757,"2023-01-19T21:00:08Z",8.7215,37.7,16.5,146.2,158,86.6,13.9968,42
"3x1.609km ",8412350566,"2023-01-18T14:01:00Z",14.027,72.4666666666667,51.2,149.6,177,88,13.356,81
"Workout 1 of the spring semester ",8401852074,"2023-01-16T15:30:15Z",14.3814,64.5,48.2,150.9,173,88.7,14.0688,81
"Run",8397006355,"2023-01-15T14:45:51Z",13.0299,67.5666666666667,40.4,169.9,185,86.6,12.8916,30
"Easy run",8387154454,"2023-01-13T20:59:25Z",13.1388,69.4166666666667,41.8,142.7,184,84.8,12.7296,17
"Morning Run",8348066928,"2023-01-06T15:30:44Z",9.292,43.5833333333333,36.8,142.6,155,87.1,13.0968,36
"5k build",8333979259,"2023-01-03T21:55:20Z",14.049,55.8333333333333,115.4,153.4,172,89.7,15.2244,86
"New year 10k",8321651442,"2023-01-01T14:46:19Z",10.0291,46.5833333333333,32.6,144.7,188,87.2,13.0284,36
"Evening cruise",8308946181,"2022-12-29T20:41:35Z",10.0898,44.8666666666667,33.7,153.8,180,87.4,14.1624,70
"Christmas Run",8290661972,"2022-12-25T18:37:38Z",20.0183,85.55,196.5,147.4,161,87.9,14.04,101
"Lunch Run",8287423011,"2022-12-24T18:29:27Z",14.0831,64.2166666666667,38.2,147.1,161,88.7,13.9896,72
"8*3min r 90 sec",8283332120,"2022-12-23T19:27:11Z",15.4078,74.4166666666667,0,147.2,175,86.7,13.194,87
"6k tempo",8272531594,"2022-12-20T21:55:16Z",14.9987,69.8,58.1,153.9,174,90.7,14.5728,95
"Long Run",8259889489,"2022-12-17T15:31:06Z",20.5006,94.15,46.1,144.4,154,88.7,13.482,89
"Easy shake out",8256300401,"2022-12-16T20:22:41Z",10.0092,45.9666666666667,74.5,147.7,181,88.2,13.4496,56
"Sutton Tempo",8251886875,"2022-12-15T15:03:13Z",16.5054,91.7166666666667,55.6,147.2,174,90,13.7412,80
"3*1600 4*400",8243791864,"2022-12-13T13:33:17Z",13.9986,82.8666666666667,29.8,143.4,174,89.1,12.2976,52
"Sunday ""long"" run",8236583531,"2022-12-11T14:43:44Z",17.0103,82.7666666666667,54.3,139.2,155,86.5,12.8664,45
"6k tempo + 400s, 200s",8223878974,"2022-12-08T13:34:57Z",16.0369,88.3833333333333,53.6,145.3,173,88.9,12.996,63
"Short run off the bike",8221462905,"2022-12-07T23:51:29Z",5.3066,21.7833333333333,16.2,159.9,167,88.5,14.7276,41
"1->5->1 pyramid ",8215064732,"2022-12-06T13:44:05Z",17.1786,86.1,49.3,149.4,173,88.6,14.0508,90
"Coffee Run",8207357265,"2022-12-04T14:49:14Z",16.0169,115.016666666667,52.1,136.4,154,87.2,12.2616,34
"Afternoon Run",8199276199,"2022-12-02T22:04:44Z",5.644,26.4,22.7,140.6,148,85.5,12.8268,18
"6.4km tempo build",8193672764,"2022-12-01T13:21:15Z",16.2384,84.9666666666667,69.7,144.8,178,90.3,13.5792,66
"8*2min on 1min off",8184745278,"2022-11-29T13:33:24Z",13.3934,68.7,46.9,147.6,172,89.4,13.446,62
"Sunday run-day",8176984968,"2022-11-27T16:00:22Z",13.1305,64.65,42.8,138.5,163,87.6,12.2292,49
"Easy Run",8167193608,"2022-11-25T16:19:21Z",12.1258,55.5333333333333,34.8,145.3,160,87.6,13.1976,57
"Turkey Run 5k",8162516002,"2022-11-24T14:35:01Z",4.8855,16.5333333333333,7.7,172.3,177,94.5,17.73,54
"Warm up",8162515610,"2022-11-24T14:01:08Z",2.8999,12.8833333333333,9.3,154.5,172,87.1,13.5072,22
"Lunch Run",8158825017,"2022-11-23T18:38:48Z",3.7117,18.0166666666667,15.6,141,148,87.9,13.2552,12
"4*5 min ""tempo""",8153901438,"2022-11-22T16:42:43Z",13.9945,60.7333333333333,54.5,153.5,168,89.8,14.4324,89
"Lunch Run",8146158304,"2022-11-20T17:56:57Z",16.08,74.9166666666667,55.6,144.6,156,89.4,13.4568,70
"4*800 r 1:30",8137053091,"2022-11-18T23:21:19Z",11.356,53.05,24.6,150.7,175,87.3,13.1544,70
"Morning Run - final race prep for Jeremiah ðŸ¥³",8126854852,"2022-11-16T14:07:23Z",13.2723,65.0833333333333,39.3,139.9,155,89.4,12.7728,38
"Build (4:00->3:30)",8122476034,"2022-11-15T16:56:12Z",13.0055,55.6833333333333,53.3,153.3,184,90.1,14.346,93
"Morning Cruise ",8113166526,"2022-11-13T14:56:08Z",16.223,78,50.6,150.3,177,87.6,13.3272,76
"8min@tempo, 5*3min @10.7/10.8mph r 2min",8103294125,"2022-11-11T19:22:53Z",11.0055,56.2666666666667,0,148.1,178,87.5,11.736,54
"12k @4:40 w Jeremiah ",8087437993,"2022-11-08T14:10:28Z",15.6939,85.5,66.4,137.4,159,87.4,11.9808,29
"Long Run",8078577349,"2022-11-06T14:18:19Z",23.5127,128.716666666667,49.7,133.3,178,85.7,11.4048,36
"6x300 + 4x150 ",8067193751,"2022-11-04T12:46:55Z",13.913,85.1333333333333,35.3,146.6,182,86.7,11.7756,44
"2*3k @3:45 ",8053779226,"2022-11-01T15:56:09Z",12.9972,57.0833333333333,40.2,159.6,175,89.6,14.3136,81
"Tri club exploring new routes",8043529386,"2022-10-30T14:05:12Z",15.3782,84.1833333333333,54.3,133.1,167,86.9,11.6604,22
"Easy run! Oh wait, legs feel good. Tempo run!",8029577945,"2022-10-27T21:28:06Z",12.307,54.05,45,160.9,176,89.9,14.706,85
"15k @4:40 w Jeremiah ",8017210551,"2022-10-25T13:20:25Z",17.8242,85.3833333333333,64.3,140.6,167,89.2,12.8052,32
"Morning Run",8007964551,"2022-10-23T14:04:33Z",8.0861,45.8666666666667,15.7,124.4,136,86.2,10.8972,9
"Easy run + 3*1k",7997176954,"2022-10-21T13:03:41Z",15.0115,81.3,58.8,140.2,176,86.9,11.9628,43
"Afternoon jog",7989907648,"2022-10-19T22:12:07Z",6.0426,28.35,22.1,146.4,155,86.2,12.8196,19
"Pilot test of VO2max protocol",7989089199,"2022-10-19T18:31:52Z",2.7202,15.9666666666667,0,135.1,178,76.8,10.2204,10
"5k build",7982459396,"2022-10-18T13:18:04Z",13.3676,69.85,36.6,148.2,183,90,12.8304,56
"Morning Run",7972545575,"2022-10-16T12:48:15Z",14.5155,78.5,56,130.1,146,86.8,11.88,17
"Morning Run",7961764071,"2022-10-14T13:07:13Z",11.2996,65.6833333333333,42.5,122.1,168,86.5,10.6272,13
"2*10 min tempo",7947402880,"2022-10-11T16:08:58Z",10.9858,50.0333333333333,0,156.1,175,89.7,13.1724,61
"Sunday jog",7936683964,"2022-10-09T12:47:52Z",13.8276,77.0666666666667,63.1,126.8,153,86.8,11.2032,17
"2*3k, 2*2k, 2*1k ",7925852193,"2022-10-07T13:34:49Z",17.2049,83.2166666666667,45.4,142.4,181,87.2,12.7584,44
"Accidental long run",7910342978,"2022-10-04T13:18:02Z",20.3844,98.05,52.9,146.6,161,88.3,12.8376,69
"Many 400s",7889732829,"2022-09-30T12:34:25Z",11.7162,77.9666666666667,2.4,144.8,180,88.1,9.3492,41
"4*2k on 1k off w Jeremiah ",7875037612,"2022-09-27T13:18:33Z",16.3926,82.4,65.3,148.2,172,88.9,12.5424,71
"Tri club Sunday Run",7865401112,"2022-09-25T13:06:29Z",9.8973,57.4,40.4,128,149,86.7,10.5552,13
"4:20->4:00 + 3:45",7838490466,"2022-09-20T13:18:44Z",14.3131,67.15,47.7,154.1,175,89.5,13.212,80
"Long Run",7828666671,"2022-09-18T13:06:07Z",14.4346,90.6833333333333,18.6,135,163,85.9,10.8216,23
"10*400",7817218844,"2022-09-16T11:58:36Z",10.51,58.3,19.1,143.4,176,86.9,11.322,32
"Evening Run",7815042115,"2022-09-15T23:36:56Z",5.4291,25.0333333333333,20.2,146.8,158,86.5,13.014,18
"4:50->4:30 build",7801634872,"2022-09-13T13:02:50Z",15.4531,77.8,50,145,161,88.3,12.6072,49
"Morning Run",7792080072,"2022-09-11T15:40:26Z",7.3252,35.35,46.7,144,153,86,12.4344,22
"Easy Run",7775023410,"2022-09-08T13:34:12Z",9.0033,47.2333333333333,26.3,146.9,161,88.5,12.204,34
"8k build w jerbear",7764029115,"2022-09-06T13:17:10Z",13.8958,68.1833333333333,42.6,152.7,167,89.4,12.6144,64
"Run with rain",7753425352,"2022-09-04T12:23:18Z",13,78.1333333333333,52.6,131.4,144,86.1,10.4904,17
"Sluggish 15 min tempo",7734261895,"2022-08-30T12:43:49Z",8.3354,41.1833333333333,27.3,148.7,176,88,12.4992,31
"Long Run w pick up",7714760247,"2022-08-28T12:08:01Z",15.2839,87.05,36.3,133.7,171,86.3,10.9728,31
"Short tempo",7686405191,"2022-08-23T12:50:13Z",7.2606,31.55,25.3,155.5,172,89.6,13.806,34
"Long and slow",7670550416,"2022-08-20T12:12:45Z",17.7919,97.75,74.1,140.6,156,86.8,10.98,32
"Jog to the old place ",7647250959,"2022-08-16T11:26:24Z",4.0954,21.85,16.1,143.6,172,88.1,11.322,9
"Long run in the hot sun",7631408662,"2022-08-13T12:55:42Z",14.0787,87.0333333333333,56.8,139.8,165,86.5,10.6488,26
"Easy Run. Again",7620241842,"2022-08-11T12:20:22Z",7.1489,35.0166666666667,14.2,143.8,158,89.8,12.2508,17
"Easy Run",7602805601,"2022-08-08T11:32:08Z",5.5725,28.5,16.3,142.9,184,88.9,11.9628,12
"Afternoon jog with some strides",7583323509,"2022-08-04T18:30:45Z",10.3549,47.7833333333333,68.4,164.4,184,87.6,13.0032,80
"Cruise off the bike ",7576589072,"2022-08-03T15:44:06Z",3.0133,15.7166666666667,7.7,163.9,184,86.9,11.502,27
"Morning Run",7543435415,"2022-07-28T14:50:28Z",9.0073,43.4166666666667,72,156.9,174,88.9,12.7152,51
"Back to running in squares",7525855323,"2022-07-25T12:24:48Z",7.0061,33.9166666666667,63.4,154.6,177,88.7,12.3948,37
"CDA 70.3 Run",7374144590,"2022-06-26T16:20:34Z",20.9471,99.8666666666667,97.4,152.3,179,87.5,12.5856,93
"Lunch Run",7362443615,"2022-06-24T19:15:30Z",5.5727,31.9666666666667,68.9,127.9,158,85.4,10.5768,7
"Juneteenth day long run",7335170910,"2022-06-19T13:40:00Z",18.4916,113.616666666667,45.8,140.9,162,86,11.304,41
"Evening Run",7310529691,"2022-06-15T00:01:24Z",14.7527,79.0333333333333,58.3,150.2,180,85.6,11.322,55
"Morning Run",7297402618,"2022-06-12T13:23:45Z",18.5735,94.5166666666667,200,152.4,169,86,11.8548,85
"Afternoon Run",7277856021,"2022-06-08T22:28:05Z",15.529,75.5166666666667,40.4,149.3,177,88,12.7872,66
"Morning Run",7259723150,"2022-06-05T13:38:43Z",9.6584,68.6166666666667,112.3,128.8,142,86.2,8.676,15
"Afternoon Run",7255693632,"2022-06-04T19:24:09Z",11.9999,68.9666666666667,40.6,155.4,170,85.8,11.4156,69
"Evening Run",7250749373,"2022-06-04T00:01:48Z",11.1276,62.6666666666667,10,142.2,182,85.9,11.0952,32
"Morning Run",7237352631,"2022-06-01T13:20:52Z",1.0217,5,0,151.5,162,87.9,12.2616,5
"Morning Run",7237058363,"2022-06-01T12:16:39Z",1.0426,5.36666666666667,8,154.3,168,89.7,11.8044,6
"Morning Run",7229136301,"2022-05-29T13:01:40Z",11.5732,71.7333333333333,29,131.5,155,86,10.2276,17
"Evening Run",7213796755,"2022-05-27T23:32:01Z",16.5488,116.7,35.9,141.6,175,85.4,9.9792,31
"Afternoon Run",7197879348,"2022-05-24T22:47:43Z",12.1292,61.2,31.3,147.1,178,88,12.2184,41
"Morning Run",7185576614,"2022-05-22T13:25:21Z",15.3913,76.4,30.6,140.8,157,88.5,12.3084,26
"Evening Run",7180535848,"2022-05-21T00:11:58Z",3.4957,22.55,12.1,128.8,142,85.3,10.8756,4
"Evening Run",7166302240,"2022-05-19T00:01:47Z",7.9001,44.2,14.4,141.9,156,84.6,10.8144,16
"Afternoon Run",7121996918,"2022-05-10T22:40:37Z",7.7401,36.7166666666667,0,162.1,178,88.6,12.6468,53
"Afternoon Run",7121857367,"2022-05-10T22:32:30Z",0.9587,4.66666666666667,2.1,146.8,161,89.7,12.3264,3
"Morning Run",7080962668,"2022-05-03T12:07:34Z",9.0402,50.5666666666667,0,143.7,176,84.5,10.728,32
"Morning Run",7078955385,"2022-05-01T15:31:42Z",10.5786,61.3833333333333,18.7,180.9,194,86.2,11.0592,28
"Lunch Run",7066209134,"2022-04-30T16:38:39Z",5.0604,26.1,5.8,159.3,169,86.6,11.6316,39
"Morning Run",6997540282,"2022-04-17T14:38:33Z",15.6209,88.0166666666667,50.9,131.7,152,88.2,11.4624,19
"Lunch Run",6992586896,"2022-04-16T16:44:13Z",10.0068,48.4333333333333,24.6,145.4,155,88.2,12.8628,22
"Afternoon Run",6988190304,"2022-04-15T22:52:53Z",8.4078,44.2333333333333,31.1,145.2,163,85.7,11.9556,22
"Morning Run",6969662262,"2022-04-12T12:06:01Z",8.8423,44.6833333333333,0,146.3,168,88.3,11.8728,30
"Morning Run",6961324464,"2022-04-10T15:28:24Z",17.7504,105.116666666667,66.3,142.2,172,85.1,11.2032,38
"Lunch Run",6955908961,"2022-04-09T17:43:54Z",10.0118,47.7166666666667,24.3,129.2,139,91.2,14.2812,9
"Evening Run",6947414486,"2022-04-07T23:02:41Z",11.009,62.6666666666667,2.1,126.5,145,88.5,12.2148,10
"Morning Run",6926882056,"2022-04-03T15:24:56Z",16.9546,93.3666666666667,32.9,143.6,159,86.5,11.9088,33
"Evening Run",6922728005,"2022-04-03T00:18:06Z",3.2328,15.5166666666667,8,142.8,163,87.2,12.4992,5
"Evening Run",6913634499,"2022-03-31T23:00:07Z",11.0018,65.8333333333333,62.5,145.5,186,86.3,11.574,33
"Morning Run",6901395163,"2022-03-29T12:32:14Z",11.3802,62.15,23.3,131.4,137,86,11.2752,14
"Morning Run",6892794386,"2022-03-27T15:36:45Z",14.7441,84.5166666666667,26.6,142.3,160,86,11.34,29
"Afternoon Run",6877816036,"2022-03-24T22:32:50Z",8.2674,49.5166666666667,23.4,143.4,154,84.6,10.5588,18
"Evening Run",6805167440,"2022-03-11T00:04:42Z",2.6448,18.55,7.1,135.6,147,86.5,10.602,3
"1 mile t.t.",6805166985,"2022-03-10T23:51:14Z",1.7357,5.15,0,175.8,182,96.1,20.2212,13
"Afternoon Run",6805166672,"2022-03-10T23:29:59Z",1.9225,17.3333333333333,0,139.1,160,88.6,11.574,3
"Morning Run",6783813012,"2022-03-06T16:28:23Z",14.0735,82.1833333333333,22.3,168.7,175,86.8,11.1996,142
"Afternoon Run",6769330362,"2022-03-03T23:28:37Z",8.2958,50.8333333333333,22.4,143.5,179,87.7,11.1816,28
"Afternoon Run",6759245862,"2022-03-01T23:32:42Z",14.3053,62.2166666666667,21.6,156.6,174,89.5,14.0652,66
"Morning Run",6748189665,"2022-02-27T16:02:32Z",22.2062,144.716666666667,68.9,156.1,182,87.3,10.2744,152
"Afternoon Run",6733882962,"2022-02-24T23:36:02Z",10.0027,55.3666666666667,0,153.3,179,87.4,11.2572,58
"Afternoon Run",6699817200,"2022-02-17T23:54:07Z",8.0193,36.5,0,162.8,188,88.5,13.1832,55
"Morning Run",6678876750,"2022-02-13T16:33:48Z",19.8581,110.966666666667,38.4,141.2,186,87.6,11.3472,42
"Afternoon Run",6674001210,"2022-02-12T22:09:07Z",6.4971,32.1333333333333,12.2,178,202,87.1,12.1824,90
"2x16/8/4/4",6663979613,"2022-02-10T23:32:49Z",11.6968,63.4333333333333,0,155.1,182,88.4,12.3552,58
"12x1'",6650456017,"2022-02-08T13:24:06Z",11.7707,72.6833333333333,5.9,150.7,186,85.8,10.8648,48
"Morning Run",6648016691,"2022-02-07T14:09:59Z",7.9664,58.6166666666667,31.2,133.4,152,88.5,10.6236,11
"Morning Run",6614904473,"2022-02-01T13:31:27Z",10.3788,58.0166666666667,28.3,134.9,166,86.9,11.3328,13
"Lunch Run",6606775041,"2022-01-30T17:32:57Z",10.7141,62.0333333333333,23.4,162.3,171,86.1,11.2968,90
"Afternoon Run",6592331605,"2022-01-27T23:33:07Z",11.4693,56.3333333333333,27.1,150.9,176,88.1,12.618,46
"Morning Run",6579423903,"2022-01-25T14:07:18Z",5.7341,31.2833333333333,5.8,171.5,186,87.4,11.1708,67
"Lunch Run",6571006473,"2022-01-23T17:32:03Z",12.6112,69.9333333333333,21.1,154.4,174,85.8,10.8576,77
"Morning Run",6514900961,"2022-01-09T14:05:45Z",10.3708,57,46.6,184,201,88.5,11.016,28
"Lunch Run",6467844633,"2022-01-03T18:29:00Z",8.9078,51.0666666666667,0,151.5,188,87.5,10.4652,41
"Lunch Run",6457153900,"2022-01-01T17:02:26Z",10.0105,63.5833333333333,19.5,150.2,170,86.3,9.5076,50
"Morning Run",6447041291,"2021-12-30T14:19:00Z",8.8418,45.0166666666667,18.1,157.7,182,90.3,11.7972,62
"Afternoon Run",6396368684,"2021-12-17T23:08:01Z",8.5608,50.2833333333333,14.4,132.4,148,86.4,10.6164,11
"Lunch Run",6376220134,"2021-12-12T17:04:05Z",16.2255,99.1,60,153.4,191,89.5,11.0736,87
"Morning Run",6362664749,"2021-12-09T13:04:58Z",9.2907,50.55,20.2,134.4,161,88.9,11.088,13
"Morning Run",6347497617,"2021-12-05T15:02:43Z",11.2154,66,26.5,157,164,89.8,10.6092,80
"Evening Run",6332252405,"2021-12-02T00:47:23Z",2.0802,12.3333333333333,0,146.7,158,88.7,10.3572,6
"Lunch Run",6289642905,"2021-11-21T17:11:46Z",10.7942,72.7333333333333,25.2,128.2,148,86.9,10.782,13
"Lunch Run",6226663366,"2021-11-07T18:18:06Z",3.0039,10.5,5.8,174.7,180,95,17.1648,26
"Lunch Run",6226663121,"2021-11-07T17:22:15Z",3.0372,10.0166666666667,5.7,176.9,182,97.3,18.1944,26
"Morning Run",6226662890,"2021-11-07T16:30:01Z",2.9839,9.93333333333333,5.6,173.5,181,97.5,18.0252,25
"Evening Run",6226662665,"2021-11-05T23:09:28Z",7.98,45.1,13.4,141.4,154,86.8,11.034,15
"Morning Run",6192998592,"2021-10-31T14:06:16Z",11.7286,65.4666666666667,13.4,130.8,156,87.8,10.8504,15
"Evening Run",6185002119,"2021-10-29T23:52:16Z",1.6403,11.0166666666667,4.7,126,134,85.7,9.5544,2
"Evening Run",6185001879,"2021-10-29T23:33:50Z",3.1828,10.7166666666667,11.9,172.7,181,95.7,17.82,25
"Evening Run",6185001602,"2021-10-29T23:08:33Z",2.8044,16.25,8.9,120.6,130,85.9,10.4292,3
"Morning Run",6160567667,"2021-10-24T13:00:16Z",9.9324,63.55,42.1,122.6,145,87.4,9.9684,12
"Evening Run",6152034411,"2021-10-22T23:03:29Z",12.6072,64.7333333333333,34.5,151.2,180,88.9,12.1968,60
"Chisholm Trail Tri run leg",6128559133,"2021-10-17T15:53:15Z",9.651,40.7,6.2,155.7,164,92.7,14.2272,53
"Morning Run",6116328538,"2021-10-15T12:03:11Z",9.8624,64.15,10.1,116.6,136,87.5,9.8424,11
"Afternoon Run",6109548824,"2021-10-13T22:33:14Z",13.1347,66.25,38.1,151.7,180,87.1,12.0312,57
"Morning Run",6093035422,"2021-10-10T13:03:56Z",11.4654,68.8833333333333,26.7,126.7,138,87.8,11.2176,13
"Morning Run",6084479154,"2021-10-08T14:33:36Z",7.5929,39.35,18,148.9,183,91,13.0968,25
"Afternoon Run",6069535455,"2021-10-05T21:12:05Z",8.0106,56.8,16.8,142.1,156,90,12.2256,14
"OKC memorial half",6058557109,"2021-10-03T12:30:01Z",21.2035,77.2,119.5,171.8,178,94,16.4808,163
"Evening Run",6053256939,"2021-10-01T23:02:17Z",6.1625,45.7666666666667,15.3,141.1,175,85,9.4572,21
"Morning Run",6032360811,"2021-09-28T11:51:41Z",9.4934,62.25,4.6,135.4,173,87,9.612,18
"Bagel Run",6023050232,"2021-09-26T13:05:20Z",10.4579,67.0333333333333,18.7,123.7,140,85.9,10.3788,12
"Morning Run",6018053262,"2021-09-25T15:44:59Z",7.0944,41.4166666666667,20.9,142.8,150,85.9,11.178,13
"2/5x1k + cool down",6011306041,"2021-09-24T12:32:25Z",4.1764,24.2666666666667,2.6,141.8,172,86.9,11.8116,11
"Warm up + 3/5 x1k",6011305359,"2021-09-24T11:48:58Z",7.3175,43,8.8,140,173,87.9,11.3364,19
"Laps on the IM fields",5995606932,"2021-09-21T11:48:26Z",13.9947,69.2666666666667,6.4,147.1,174,89.1,12.4164,51
"Morning Run",5986591807,"2021-09-19T13:12:59Z",14.901,96.8166666666667,24,170.9,193,86.4,9.8064,25
"Evening Run",5977247026,"2021-09-18T00:55:26Z",13.9821,61.8833333333333,26.9,154.6,175,91.1,13.9176,61
"Evening Run",5967260653,"2021-09-15T23:25:48Z",12.5407,60.25,40.1,153.3,164,86.9,12.5424,65
"Morning Run",5958611720,"2021-09-14T11:31:25Z",14.0148,73.8,27.2,143.6,176,87.8,11.7252,49
"Morning Run",5948901253,"2021-09-12T13:05:22Z",16.1198,83.65,49.3,134.7,163,89.5,11.8908,41
"Afternoon Run",5928785926,"2021-09-08T19:34:08Z",12.323,61.2666666666667,29.1,152.6,161,89.2,12.3228,59
"Back in business thanks to warranty ðŸ¥³",5924046804,"2021-09-07T23:16:47Z",13.248,73.2666666666667,38.7,157.6,182,87.8,12.1932,77
"Evening Run",5863696494,"2021-08-27T23:38:43Z",8.3088,36.9,0,152.2,174,89.6,13.5108,34
"Afternoon Run",5853535494,"2021-08-25T22:00:58Z",10.0484,47.3666666666667,27.3,157.8,172,86.8,12.7548,60
"12x1'",5844761384,"2021-08-24T11:29:00Z",10.0155,66.7833333333333,5.5,136.7,177,85.3,9.9,25
"Morning Run",5834643857,"2021-08-22T12:29:33Z",10.9458,64.6,13.4,127.4,151,85.6,10.5408,14
"Morning Run",5828974881,"2021-08-21T12:58:59Z",10.8742,53.6166666666667,29.1,145,175,87.3,12.204,35
"Lunch Run",5717110804,"2021-07-31T16:21:59Z",3.1792,17.3,5.7,148.8,162,86.5,11.0592,15
"Run off the bike",5685519773,"2021-07-25T14:15:25Z",13.9995,66.8833333333333,55.7,160.8,170,86.4,13.0716,98
"Afternoon Run",5660831262,"2021-07-20T22:55:59Z",11.8303,55.1666666666667,33.9,150.6,172,87.7,12.9564,42
"Long run in the trails",5648603505,"2021-07-18T13:04:35Z",18.088,132.9,260.1,136.5,159,83.7,8.6112,34
"TriOKC aquathon - run",5642582725,"2021-07-17T13:04:47Z",3.3988,12.7666666666667,36.9,138.7,145,93.1,15.9732,3
"Afternoon Run",5629365386,"2021-07-14T22:25:44Z",8.5942,52.3,6.3,136.3,149,85.3,10.6704,12
"Evening Run",5623944293,"2021-07-14T01:02:39Z",7.5243,32.4666666666667,20.1,171,180,89.3,13.9068,70
"Feeling good, ran a half",5611667845,"2021-07-11T14:19:32Z",21.2237,93.2333333333333,29.3,154.5,166,89.4,13.7952,106
"Evening Run",5587126482,"2021-07-06T23:48:15Z",6.694,30.85,16,167.3,180,87.8,13.0176,60
"Morning Run",5574417818,"2021-07-04T13:00:05Z",16.3988,95.2,58.3,129.8,141,85.2,10.3896,21
"Evening Run",5524689980,"2021-06-25T00:08:49Z",9.7637,48.1833333333333,35.3,154.9,168,87.2,12.3768,53
"Evening Run",5514432123,"2021-06-23T00:44:30Z",6.7625,29.8666666666667,15.3,162.2,178,89.8,13.5864,44
"Morning Run",5501857406,"2021-06-20T13:24:44Z",15.6298,113.4,193.5,130.6,150,84.6,8.352,26
"Pool closed down. So I ran.",5477074894,"2021-06-15T22:47:49Z",9.728,50.4166666666667,0,151.3,179,88.5,12.042,56
"Morning Run",5463658807,"2021-06-13T13:29:54Z",12.9229,72.5333333333333,16.9,133.7,145,86.3,10.746,17
"2x10 min tempo",5446462414,"2021-06-10T13:03:39Z",11.9967,65.6666666666667,88.9,153.2,178,87.6,11.9556,55
"Evening Run",5438104656,"2021-06-09T00:14:46Z",7.9183,44.1166666666667,12.4,141.4,157,85.3,11.07,21
"Afternoon Run",5419905275,"2021-06-05T19:54:07Z",9.2709,45.2,21.1,158.2,168,86.1,12.3444,61
"Time to get off the couch",5374355599,"2021-05-28T23:52:01Z",9.0227,41.85,16.2,154,179,87,13.194,44
"Morning Run",5307750850,"2021-05-16T13:57:42Z",12.1353,65.4166666666667,16.8,133,161,86.3,11.1996,17
"Morning Run",5284200735,"2021-05-12T12:51:09Z",12.1358,54.1,21.8,151.9,189,90.3,13.6116,48
"Evening Run",5271015418,"2021-05-09T23:29:55Z",10.0764,54.2,22.9,141.8,155,86,11.628,17
"Evening Run",5243801777,"2021-05-05T00:41:53Z",4.5273,25.3666666666667,4.7,133.4,142,86.6,10.9368,6
"Afternoon Run",5233151251,"2021-05-02T22:51:18Z",16.0002,70.6666666666667,37,162.9,173,89.6,13.86,116
"Lunch Run",5231087168,"2021-04-30T16:25:14Z",7.755,39.3,67.4,153.7,173,87.8,12.5028,37
"Slow and steady",5190587058,"2021-04-25T12:59:26Z",10.0992,66.4,11.8,121.4,165,85.5,9.7092,13
"Afternoon Run",5174663694,"2021-04-22T19:56:59Z",13.545,62.6166666666667,37.2,150.1,180,89.5,13.1148,46
"Morning Run",5149275995,"2021-04-18T13:05:09Z",12.3695,71.6333333333333,47.9,135.4,167,88.4,11.736,17
"Afternoon Run",5144549753,"2021-04-15T20:25:07Z",9.2565,46.7333333333333,20.2,143,153,88.5,12.0708,16
"Morning Run",5069046277,"2021-04-04T12:56:50Z",16.0047,102.55,49.8,119.9,154,85.8,9.8892,19
"Off the bike tempo",5040567995,"2021-03-30T20:59:31Z",10.0028,42.2833333333333,23,162.6,169,92.6,14.2344,70
"Morning Run",5026575705,"2021-03-28T12:56:50Z",11.1483,74.5833333333333,44.8,125,151,86.4,9.9864,14
"Lunch Run",5021112036,"2021-03-27T17:48:08Z",7.0952,30.5666666666667,13.1,166.3,178,91.1,14.184,54
"Evening Run",5011314679,"2021-03-26T00:14:56Z",9.1453,49.6666666666667,24.8,163.2,183,87,11.268,79
"Morning Run",4984995228,"2021-03-21T13:00:41Z",9.5828,66.7666666666667,47.6,132.3,165,87.8,10.4436,13
"Build",4969553780,"2021-03-18T20:09:12Z",10.2357,45.9666666666667,26.3,149.5,172,88.9,13.5072,32
"3k off the bike",4959026469,"2021-03-16T21:25:47Z",4.343,19.2,12.2,164.7,179,90,13.572,32
"The reason I don't trust built in hrm",4945977106,"2021-03-14T13:02:22Z",12.7571,73.3833333333333,21.4,178.3,193,86,10.836,35
"Evening Run",4936763715,"2021-03-13T00:34:35Z",10.3909,53.3333333333333,25.2,136.5,172,86.8,11.7648,15
"Afternoon Run",4920726001,"2021-03-09T21:32:02Z",9.5482,43.3333333333333,25.7,155.7,178,90.9,13.2192,47
"I'll turn when you turn...",4907576472,"2021-03-07T14:01:53Z",12.5965,75.4166666666667,52.9,139.4,165,85.4,10.3752,22
"Morning Run",4866284550,"2021-02-28T13:58:16Z",11.5658,70.8166666666667,27.6,124.3,142,85.2,9.9684,14
"Morning Run",4826341685,"2021-02-21T16:01:53Z",15.4645,94.7333333333333,26.1,148.4,178,85.3,9.9756,71
"Morning Run",4751661283,"2021-02-07T14:01:23Z",16.0063,92.4833333333333,70.2,160.4,193,86.3,10.5948,134
"Evening Run",4746869868,"2021-02-06T00:35:12Z",10.9652,65.5833333333333,26.6,128.4,164,85.7,10.1412,16
"Morning Run",4712003669,"2021-01-31T13:56:47Z",10.7781,57.4666666666667,12.9,136.7,185,89.7,11.3112,16
"Why does cold air feel clean",4686632785,"2021-01-26T21:13:52Z",10.0012,47.75,36.8,156.6,182,90.7,13.0536,47
"Morning Run",4626817547,"2021-01-15T23:35:24Z",11.1961,50.5833333333333,162.7,149,169,91.2,13.2876,40
"Morning Run",4624488557,"2021-01-15T00:45:46Z",10.0066,48.3333333333333,154.9,144.9,169,86.6,12.564,23
"LGK airport",4584676227,"2021-01-07T22:57:45Z",16.7774,88.5666666666667,26.1,168,204,88,11.5452,175
"Morning Run",4579603675,"2021-01-06T23:23:10Z",10.1691,52.1333333333333,61.7,142.9,167,88.8,12.8556,23
"Morning Run",4574122778,"2021-01-05T23:54:31Z",6.1859,32.5333333333333,14.9,132.5,147,86.2,11.4084,7
"Rushed ""long"" run",4559300836,"2021-01-03T10:24:29Z",12.531,59.0166666666667,244.7,164.6,188,88.9,12.7404,103
"21k for 2021? Nah",4546737960,"2020-12-31T23:38:03Z",10.7437,50.05,161.3,142.6,167,91,12.9276,28
"Morning Run",4532070120,"2020-12-29T00:01:31Z",9.0048,49.1833333333333,169,163,187,89,11.1024,75
"Cool down jog",4522265360,"2020-12-26T23:26:58Z",2.1615,12.9166666666667,12.5,133.2,141,86.9,10.0404,3
"5k Run",4522265188,"2020-12-26T23:06:05Z",5.009,17.95,14.6,167.8,173,95.2,16.7436,33
"Warm up",4522264828,"2020-12-26T22:46:24Z",2.9376,15.8833333333333,39.6,128.5,161,85.6,11.3472,4
"Morning Run",4517631948,"2020-12-26T00:47:51Z",8.2238,43.5833333333333,105.6,167.5,190,88.8,11.3652,83
"Morning Run",4510323484,"2020-12-23T23:32:51Z",8.9485,47.2,153.3,132.4,143,88.1,11.4408,11
"Morning Run",4506412541,"2020-12-22T23:39:58Z",9.1355,43.7333333333333,167.6,139.6,172,89.7,12.5964,18
"Morning Run",4502183892,"2020-12-21T23:26:17Z",8.577,45.6833333333333,178.7,142.6,188,87.2,11.2644,21
"Morning Run",4493505318,"2020-12-19T23:32:42Z",21.3623,100.2,303.1,155.4,168,91.1,12.816,119
"Cool morning rain",4485258446,"2020-12-17T22:58:14Z",10.1671,47.7,128.4,151.1,173,89.7,12.9096,39
"Morning Run",4481406415,"2020-12-16T23:16:28Z",9,47.4333333333333,138.2,137.5,147,88.8,11.4012,12
"Morning Run",4477485408,"2020-12-15T22:47:37Z",11.0195,53.7,81.9,149,174,89.3,12.6,42
"Morning Run",4472667452,"2020-12-13T23:29:25Z",8.7804,58.3,81.2,125,142,87.8,9.7884,11
"Morning Run",4456601481,"2020-12-10T22:42:13Z",9.9988,44.5333333333333,152.3,154.4,172,92.7,13.4712,45
"Morning Run",4452438522,"2020-12-09T23:04:14Z",11.0047,62.3833333333333,150.3,142.8,160,90.7,11.9376,25
"Hill repeats",4448275942,"2020-12-08T22:52:17Z",13.5966,74.15,300.6,150.7,173,87.3,11.0304,62
"Morning Run",4447476475,"2020-12-07T23:11:43Z",8.3922,45.5666666666667,124.1,137.5,179,88.5,11.052,14
"Morning Run",4435155338,"2020-12-05T23:31:39Z",18.0023,86.1166666666667,268.6,145.8,165,90.8,12.5424,47
"Probably should've done another set",4426659874,"2020-12-03T22:34:02Z",10.2129,54.6666666666667,92.9,147.3,174,88.2,11.664,32
"Morning Run",4425823942,"2020-12-02T23:24:10Z",8.0085,43.45,135,144.5,164,90.6,11.268,24
"Build set in drizzling rain",4418370937,"2020-12-01T22:58:56Z",10.4595,47.2,209.9,155.4,174,91.1,13.2948,51
"Wet and gloomy",4413924642,"2020-11-30T22:55:49Z",9.9992,52.05,196,145.2,174,88.5,11.7648,26
"Morning Run",4404769228,"2020-11-28T23:46:05Z",17.0135,83.1,227.3,145,166,89.9,12.384,42
"Friday intervals",4395723387,"2020-11-26T23:08:28Z",10.8039,54.3166666666667,175.9,151.9,172,89.3,12.3912,47
"Morning Run",4391301370,"2020-11-25T23:46:43Z",7.4961,40.8166666666667,98.9,137.8,154,89.1,11.1276,13
"Tempo",4386574791,"2020-11-24T22:44:42Z",11.182,51.2,233.1,149.6,168,92.2,13.1112,45
"Morning Run",4381893382,"2020-11-23T22:50:36Z",10.1828,47.7333333333333,186.5,153.9,165,88.9,12.852,56
"Long and slow",4372043777,"2020-11-21T23:06:29Z",16.2377,85.0166666666667,256.9,144,163,89.5,11.6964,46
"Fartlek",4362419471,"2020-11-19T22:40:51Z",11.0055,49.4166666666667,214,155.7,176,90.4,13.3632,55
"Eaaaasy",4358033171,"2020-11-18T22:55:32Z",8.5774,43.8,140.3,139.1,149,87.2,11.7504,12
"Morning Run",4353285975,"2020-11-17T22:38:58Z",10.2306,52.6333333333333,78.7,149.8,175,87.4,12.1104,39
"Workin on the stride",4348400620,"2020-11-16T22:53:42Z",11.8645,58.2833333333333,238,158.7,179,85.2,12.2148,82
"Search for the trail I found on Google maps...",4333678868,"2020-11-13T22:42:39Z",13.25,66.3333333333333,234.3,151.1,171,89,12.0096,55
"Morning Run",4329424600,"2020-11-12T22:38:14Z",9.0372,45.15,193.8,152.5,179,88.5,12.0492,41
"Felt like I was walking",4324980253,"2020-11-11T23:01:47Z",9.2417,49.0333333333333,206.3,148.2,183,87.8,11.4876,33
"10x2 minute efforts",4320016211,"2020-11-10T22:51:49Z",10.4312,58.9166666666667,31.8,150.1,179,87.2,11.3184,44
"Morning Run",4311366059,"2020-11-08T23:21:14Z",9.1018,44.45,186.6,157.2,176,87.2,12.4308,57
"Long(-ish) run",4299268768,"2020-11-06T22:57:44Z",11.7984,61.25,175.7,149.5,172,86.7,11.6784,52
"Morning Run",4292075676,"2020-11-05T22:40:14Z",10.5562,56.8333333333333,100.9,148.7,177,87.9,11.3724,40
"Zone 2?",4287427249,"2020-11-04T22:49:29Z",9.1505,46.5833333333333,120.8,151.6,171,86.1,11.7864,45
"Gotta stop doing junk miles",4278118732,"2020-11-02T22:04:32Z",10.5498,57.3666666666667,70.6,152.4,179,88.1,11.5056,47
"Morning Run",4273997157,"2020-11-01T23:08:28Z",9.1116,48.65,150.5,146,164,87.2,11.3868,31
"I'll call this the shoe loop",4260460315,"2020-10-29T22:48:23Z",10.7192,54.9833333333333,168.9,157.4,186,87.2,11.7828,70
"Morning Run",4256574920,"2020-10-28T23:06:43Z",8.9122,43.9833333333333,202.3,154.9,180,90.5,12.2256,49
"Patience is a virtue",4252411016,"2020-10-27T23:27:19Z",10.1735,57.1,179.7,153.7,166,87.9,10.728,61
"First run post quarantine",4244154496,"2020-10-25T22:11:47Z",9,47.5666666666667,161.1,163.8,176,85.8,11.3616,81
"Morning Run",4167323414,"2020-10-08T11:31:27Z",11.5302,52.4,10.5,144.3,170,88.5,13.2768,24
